date,time,room,reason,status
2024-02-23,8:00,2,South activity father item try.,confirmed
2024-01-17,14:00,10,Drop each Mr age hospital their.,canceled
2024-01-31,17:00,50,Politics investment others issue painting sit.,canceled
2024-05-25,17:00,23,Produce score all main eight tough.,pending
2024-12-13,8:00,44,Night policy government.,confirmed
2024-10-03,14:00,40,Style nor affect bed.,confirmed
2024-09-10,10:00,16,Time us want computer.,canceled
2024-10-05,14:00,43,Great number behavior social.,pending
2025-01-02,15:00,18,Arrive page address effort.,canceled
2024-09-25,12:00,20,Six big simple charge finish of.,canceled
2024-05-07,12:00,5,But lay method product possible.,canceled
2024-11-19,11:00,32,Least meet season always.,confirmed
2024-03-01,13:00,28,However push court.,confirmed
2024-08-30,15:00,35,Education half board rather.,confirmed
2024-08-20,17:00,2,Affect sense move we.,confirmed
2024-09-17,17:00,10,Blood impact statement former sport upon.,confirmed
2024-10-25,18:00,24,Life economic president light able which.,pending
2024-02-06,16:00,19,Small participant water per thank.,canceled
2024-06-14,12:00,28,Street effect least identify total.,confirmed
2024-11-23,13:00,6,And attention early million citizen might.,canceled
2024-03-01,9:00,49,Worker whose information lay argue.,confirmed
2024-04-04,14:00,7,Ground money court table scientist.,canceled
2024-09-22,15:00,38,Exist individual bank control.,confirmed
2024-03-03,18:00,20,Leader art box police wait.,confirmed
2024-12-17,8:00,12,Rich spring exist food create.,pending
2024-05-25,16:00,37,Glass TV likely sport particularly ten.,canceled
2024-02-06,13:00,28,Before trouble plan apply rather.,pending
2024-02-05,8:00,9,Realize laugh season as especially eight.,confirmed
2024-02-24,14:00,40,Money while right forget.,canceled
2024-04-01,13:00,6,Adult away his.,canceled
2024-07-30,13:00,2,Available mother federal say.,confirmed
2024-10-05,18:00,17,Third simply enough.,confirmed
2024-03-12,17:00,26,Next someone nature color staff often.,confirmed
2024-11-06,17:00,22,Again close book quite affect pressure.,confirmed
2024-11-11,13:00,14,Deep such walk note.,pending
2024-10-28,11:00,1,Alone together Republican.,confirmed
2024-03-31,17:00,8,Audience technology article week main science.,confirmed
2024-02-13,12:00,21,Financial box quickly six public.,canceled
2024-11-10,9:00,15,Nor draw popular issue foreign population.,confirmed
2024-06-18,14:00,14,Western player two decade.,pending
2024-08-23,13:00,12,House little clearly majority.,canceled
2024-12-02,14:00,28,Relationship million others.,confirmed
2024-06-29,10:00,48,She notice best professor follow.,pending
2024-01-18,11:00,29,Theory majority true relate give guess.,confirmed
2024-07-09,16:00,32,Nation half let guess according.,pending
2024-08-23,10:00,29,National should happy maybe believe.,confirmed
2024-10-05,15:00,50,Growth serious show pull full get.,pending
2024-09-10,18:00,21,Main order wait.,pending
2024-03-12,8:00,13,Yes write method.,canceled
2024-07-09,14:00,17,Fish foot main yourself.,pending
2024-05-23,17:00,28,Different rule true political response.,pending
2024-08-20,13:00,36,Young wait stock season time.,pending
2024-11-26,11:00,8,Edge soon manage four.,pending
2024-07-25,14:00,31,Including clear economy.,confirmed
2024-12-29,10:00,27,Eight woman ok.,canceled
2024-12-15,9:00,11,Response summer address.,confirmed
2024-05-20,9:00,7,About color phone.,canceled
2024-07-20,17:00,1,Prevent hair gun much quality after.,canceled
2024-06-03,15:00,31,Reduce increase husband in term.,pending
2024-03-16,12:00,10,Pass dinner then heart support.,pending
2024-02-15,17:00,24,Room show year establish.,canceled
2024-11-21,17:00,50,Expect key race there.,canceled
2024-08-25,15:00,17,Consumer would learn enjoy.,confirmed
2024-10-15,18:00,26,Act off measure.,canceled
2024-07-28,14:00,10,Yes just case two.,canceled
2024-05-30,11:00,28,Season policy organization organization.,pending
2024-03-15,16:00,47,Sort area only.,confirmed
2024-05-01,11:00,29,Despite believe type interesting.,pending
2024-02-10,12:00,32,Member model instead win generation region.,pending
2024-01-18,12:00,27,Hotel drop successful.,confirmed
2024-09-06,15:00,14,Front these nation man.,pending
2024-02-22,10:00,9,Message success hospital citizen ask place.,pending
2024-07-06,12:00,48,Personal energy expect.,pending
2024-05-31,9:00,20,Draw begin discover religious.,confirmed
2024-04-15,13:00,21,Television sign question.,confirmed
2024-08-21,10:00,2,International forward draw value pay.,confirmed
2024-01-17,15:00,12,Stay understand meeting.,canceled
2024-06-29,9:00,49,Play if since develop.,canceled
2024-12-26,9:00,2,Indicate concern grow early about wind.,confirmed
2024-11-04,12:00,10,Image increase relate.,pending
2024-03-04,8:00,15,Never big article game phone.,pending
2024-04-28,13:00,6,Institution hold five now data movie.,confirmed
2024-06-09,15:00,31,Watch behavior politics.,pending
2024-09-15,8:00,13,Fight answer wrong.,canceled
2024-05-11,17:00,9,Ok let consider first author.,pending
2024-11-19,18:00,16,Possible change political take miss.,confirmed
2024-08-08,10:00,24,Staff Mr involve task.,confirmed
2024-01-11,12:00,27,Power director ability travel artist measure.,confirmed
2024-12-06,14:00,11,Price cup direction yourself action stay.,pending
2024-12-05,14:00,39,Evidence policy need.,pending
2024-11-11,13:00,32,Film rule impact prove system test laugh.,pending
2024-02-12,12:00,21,Stage hard color.,pending
2024-07-13,13:00,31,Rule spend face point president alone.,pending
2024-05-20,9:00,14,Try television leave money story.,canceled
2024-11-16,15:00,3,Able offer over.,confirmed
2024-07-17,8:00,20,Will my field image.,confirmed
2024-04-18,15:00,30,Rule ten state wrong day option.,canceled
2024-11-17,8:00,20,Others such who interest really.,pending
2024-08-13,14:00,28,Control certainly as or doctor.,confirmed
2024-08-27,16:00,6,Result cause over size visit employee.,confirmed
